<?xml version="1.0" encoding="ISO-8859-1"?>
<BookInfo>
	<Book Category="Technical">
		<Book_No>123</Book_No>
		<Book_Title>Ethical Hacking</Book_Title>
		<Book_Author>Ankit Fadia</Book_Author>
		<Book_Price>450</Book_Price>
		<Book_PubYear>2006</Book_PubYear>
	</Book>
	<Book Category="Technical">
		<Book_No>121</Book_No>
		<Book_Title>Programming In PHP</Book_Title>
		<Book_Author>Rasmus Lerdrof</Book_Author>
		<Book_Price>350</Book_Price>
		<Book_PubYear>1995</Book_PubYear>
	</Book>
	<Book Category="Technical">
		<Book_No>121</Book_No>
		<Book_Title>Theory Of Computation</Book_Title>
		<Book_Author>Vivek Kulkarni</Book_Author>
		<Book_Price>495</Book_Price>
		<Book_PubYear>1995</Book_PubYear>
	</Book>
	<Book Category="Cooking">
		<Book_No>456</Book_No>
		<Book_Title>Indian Breakfast</Book_Title>
		<Book_Author>Sanjeev Kapoor</Book_Author>
		<Book_PubYear>2005</Book_PubYear>
		<Book_Price>150</Book_Price>
	</Book>
	<Book Category="Yoga">
		<Book_No>7866</Book_No>
		<Book_Title>Daily Excercises</Book_Title>
		<Book_Author>Ramdev Baba</Book_Author>
		<Book_PubYear>2001</Book_PubYear>
		<Book_Price>400</Book_Price>
	</Book>
</BookInfo>
